[{"model": "auth.permission", "pk": 1, "fields": {"name": "Can add log entry", "content_type": 1, "codename": "add_logentry"}}, {"model": "auth.permission", "pk": 2, "fields": {"name": "Can change log entry", "content_type": 1, "codename": "change_logentry"}}, {"model": "auth.permission", "pk": 3, "fields": {"name": "Can delete log entry", "content_type": 1, "codename": "delete_logentry"}}, {"model": "auth.permission", "pk": 4, "fields": {"name": "Can view log entry", "content_type": 1, "codename": "view_logentry"}}, {"model": "auth.permission", "pk": 5, "fields": {"name": "Can add permission", "content_type": 2, "codename": "add_permission"}}, {"model": "auth.permission", "pk": 6, "fields": {"name": "Can change permission", "content_type": 2, "codename": "change_permission"}}, {"model": "auth.permission", "pk": 7, "fields": {"name": "Can delete permission", "content_type": 2, "codename": "delete_permission"}}, {"model": "auth.permission", "pk": 8, "fields": {"name": "Can view permission", "content_type": 2, "codename": "view_permission"}}, {"model": "auth.permission", "pk": 9, "fields": {"name": "Can add group", "content_type": 3, "codename": "add_group"}}, {"model": "auth.permission", "pk": 10, "fields": {"name": "Can change group", "content_type": 3, "codename": "change_group"}}, {"model": "auth.permission", "pk": 11, "fields": {"name": "Can delete group", "content_type": 3, "codename": "delete_group"}}, {"model": "auth.permission", "pk": 12, "fields": {"name": "Can view group", "content_type": 3, "codename": "view_group"}}, {"model": "auth.permission", "pk": 13, "fields": {"name": "Can add content type", "content_type": 4, "codename": "add_contenttype"}}, {"model": "auth.permission", "pk": 14, "fields": {"name": "Can change content type", "content_type": 4, "codename": "change_contenttype"}}, {"model": "auth.permission", "pk": 15, "fields": {"name": "Can delete content type", "content_type": 4, "codename": "delete_contenttype"}}, {"model": "auth.permission", "pk": 16, "fields": {"name": "Can view content type", "content_type": 4, "codename": "view_contenttype"}}, {"model": "auth.permission", "pk": 17, "fields": {"name": "Can add session", "content_type": 5, "codename": "add_session"}}, {"model": "auth.permission", "pk": 18, "fields": {"name": "Can change session", "content_type": 5, "codename": "change_session"}}, {"model": "auth.permission", "pk": 19, "fields": {"name": "Can delete session", "content_type": 5, "codename": "delete_session"}}, {"model": "auth.permission", "pk": 20, "fields": {"name": "Can view session", "content_type": 5, "codename": "view_session"}}, {"model": "auth.permission", "pk": 21, "fields": {"name": "Can add topic", "content_type": 6, "codename": "add_topic"}}, {"model": "auth.permission", "pk": 22, "fields": {"name": "Can change topic", "content_type": 6, "codename": "change_topic"}}, {"model": "auth.permission", "pk": 23, "fields": {"name": "Can delete topic", "content_type": 6, "codename": "delete_topic"}}, {"model": "auth.permission", "pk": 24, "fields": {"name": "Can view topic", "content_type": 6, "codename": "view_topic"}}, {"model": "auth.permission", "pk": 25, "fields": {"name": "Can add user", "content_type": 7, "codename": "add_user"}}, {"model": "auth.permission", "pk": 26, "fields": {"name": "Can change user", "content_type": 7, "codename": "change_user"}}, {"model": "auth.permission", "pk": 27, "fields": {"name": "Can delete user", "content_type": 7, "codename": "delete_user"}}, {"model": "auth.permission", "pk": 28, "fields": {"name": "Can view user", "content_type": 7, "codename": "view_user"}}, {"model": "auth.permission", "pk": 29, "fields": {"name": "Can add room", "content_type": 8, "codename": "add_room"}}, {"model": "auth.permission", "pk": 30, "fields": {"name": "Can change room", "content_type": 8, "codename": "change_room"}}, {"model": "auth.permission", "pk": 31, "fields": {"name": "Can delete room", "content_type": 8, "codename": "delete_room"}}, {"model": "auth.permission", "pk": 32, "fields": {"name": "Can view room", "content_type": 8, "codename": "view_room"}}, {"model": "auth.permission", "pk": 33, "fields": {"name": "Can add message", "content_type": 9, "codename": "add_message"}}, {"model": "auth.permission", "pk": 34, "fields": {"name": "Can change message", "content_type": 9, "codename": "change_message"}}, {"model": "auth.permission", "pk": 35, "fields": {"name": "Can delete message", "content_type": 9, "codename": "delete_message"}}, {"model": "auth.permission", "pk": 36, "fields": {"name": "Can view message", "content_type": 9, "codename": "view_message"}}, {"model": "contenttypes.contenttype", "pk": 1, "fields": {"app_label": "admin", "model": "logentry"}}, {"model": "contenttypes.contenttype", "pk": 2, "fields": {"app_label": "auth", "model": "permission"}}, {"model": "contenttypes.contenttype", "pk": 3, "fields": {"app_label": "auth", "model": "group"}}, {"model": "contenttypes.contenttype", "pk": 4, "fields": {"app_label": "contenttypes", "model": "contenttype"}}, {"model": "contenttypes.contenttype", "pk": 5, "fields": {"app_label": "sessions", "model": "session"}}, {"model": "contenttypes.contenttype", "pk": 6, "fields": {"app_label": "base", "model": "topic"}}, {"model": "contenttypes.contenttype", "pk": 7, "fields": {"app_label": "base", "model": "user"}}, {"model": "contenttypes.contenttype", "pk": 8, "fields": {"app_label": "base", "model": "room"}}, {"model": "contenttypes.contenttype", "pk": 9, "fields": {"app_label": "base", "model": "message"}}, {"model": "sessions.session", "pk": "24pufhi5pfjduf1xwsf2x5w24x2495pu", "fields": {"session_data": ".eJxVjEEOwiAQRe_C2hAKFIpL956BzAyDVA0kpV0Z765NutDtf-_9l4iwrSVunZc4J3EWgzj9bgj04LqDdId6a5JaXZcZ5a7Ig3Z5bYmfl8P9OyjQy7dGctYPqJmyDcYzkiIO5BVlrT0yWQoUDGaExNm50QAYmhjchKBGLd4fHDE5ew:1tr9Bj:Hxy4gPg1O5Y08TNMgtcIOS-LESqHcBCHcJo6wc6oWY8", "expire_date": "2025-03-23T05:26:59.493Z"}}, {"model": "sessions.session", "pk": "cjgrqti8dlrd8cygxoq556qilnp6izxl", "fields": {"session_data": ".eJxVjEEOwiAQRe_C2hCgdECX7nsGMsxQqRpISrsy3l1JutDtf-_9lwi4bznsLa1hYXERIE6_W0R6pNIB37HcqqRatnWJsivyoE1OldPzerh_Bxlb7jXMzs-gjQWrx4ijJWW1ReWIlEmeWcMQB-cUsxvIYeII8fx1yAMbK94f1Nw3lw:1trEaA:n2jmi7-Kh_mQdUcPFH5ZxusRcFVH3WMRHZWndJPk93s", "expire_date": "2025-03-23T11:12:34.260Z"}}, {"model": "base.user", "pk": 1, "fields": {"password": "pbkdf2_sha256$870000$jQS5SIJjSU6EP4dacp2txj$2zwL3qH9bnIK+WUTX0e2ztXtIBmaTqOMJll9ule5Krk=", "last_login": "2025-03-09T05:26:59.484Z", "is_superuser": true, "username": "jana", "first_name": "", "last_name": "", "is_staff": true, "is_active": true, "date_joined": "2025-03-09T04:37:07.072Z", "name": "Janardhan", "email": "pjanardhan7u@gmail.com", "bio": "I am student at NITT", "avatar": "unnamed.png", "groups": [], "user_permissions": []}}, {"model": "base.user", "pk": 2, "fields": {"password": "pbkdf2_sha256$870000$yhe0bieWcsspFbTBset8F8$G9KcnmxJD3IqLweJ70qxUMDPddlxa3N1iT/uJeO80yk=", "last_login": "2025-03-09T05:20:57.052Z", "is_superuser": false, "username": "tim", "first_name": "", "last_name": "", "is_staff": false, "is_active": true, "date_joined": "2025-03-09T05:20:56.490Z", "name": "tim", "email": "tim@email.com", "bio": "I like to code", "avatar": "avatar.svg", "groups": [], "user_permissions": []}}, {"model": "base.user", "pk": 3, "fields": {"password": "pbkdf2_sha256$870000$XQdkrxeUzMWLItVgfvMbiL$C2qvsDdRzlZTXJFWU8RM3RHq7yFCYgd5ImZBzN+TgQI=", "last_login": "2025-03-09T11:06:29.111Z", "is_superuser": false, "username": "zocafep", "first_name": "", "last_name": "", "is_staff": false, "is_active": true, "date_joined": "2025-03-09T11:06:28.207Z", "name": "Jana", "email": "bypopigipa@mailinator.com", "bio": "I am student", "avatar": "avatar.svg", "groups": [], "user_permissions": []}}, {"model": "base.user", "pk": 4, "fields": {"password": "pbkdf2_sha256$870000$39vXHZag5EJ3iHNJmZTtQZ$4QnV6lyX+SN3lEcdeCToTL95wb3FWujL+ClBqYzSspA=", "last_login": "2025-03-09T11:08:27.450Z", "is_superuser": false, "username": "mobamu", "first_name": "", "last_name": "", "is_staff": false, "is_active": true, "date_joined": "2025-03-09T11:08:26.539Z", "name": "Anthony Marquez", "email": "vuzi@mailinator.com", "bio": null, "avatar": "avatar.svg", "groups": [], "user_permissions": []}}, {"model": "base.user", "pk": 5, "fields": {"password": "pbkdf2_sha256$870000$Vl58DMrcTYv1pmdvmat8Jg$0nWzq6pRRivcrCR/jSIFEH1cd3O+RsINvEMD3oYHQhk=", "last_login": "2025-03-09T11:10:18.429Z", "is_superuser": false, "username": "titykigyda", "first_name": "", "last_name": "", "is_staff": false, "is_active": true, "date_joined": "2025-03-09T11:10:17.528Z", "name": "Beck Gilbert", "email": "bytot@mailinator.com", "bio": null, "avatar": "avatar.svg", "groups": [], "user_permissions": []}}, {"model": "base.user", "pk": 6, "fields": {"password": "pbkdf2_sha256$870000$qiibm21EV31VP77Rcq1D3P$HknwBoSOijbxmWV9V/ZDY8Dp31LydoA4NL8efVmFOLI=", "last_login": "2025-03-09T11:12:34.252Z", "is_superuser": false, "username": "bydehy", "first_name": "", "last_name": "", "is_staff": false, "is_active": true, "date_joined": "2025-03-09T11:12:33.345Z", "name": "Emily Weaver", "email": "lozyg@mailinator.com", "bio": null, "avatar": "avatar.svg", "groups": [], "user_permissions": []}}, {"model": "base.topic", "pk": 1, "fields": {"name": "Python"}}, {"model": "base.topic", "pk": 2, "fields": {"name": "Artificial Intelligence in Healthcare"}}, {"model": "base.topic", "pk": 3, "fields": {"name": "Stock Market Trends"}}, {"model": "base.topic", "pk": 4, "fields": {"name": "Space Exploration & Astronomy"}}, {"model": "base.topic", "pk": 5, "fields": {"name": "Cybersecurity & Ethical Hacking"}}, {"model": "base.topic", "pk": 6, "fields": {"name": "Web Development"}}, {"model": "base.topic", "pk": 7, "fields": {"name": "Cloud Computing & DevOps"}}, {"model": "base.topic", "pk": 8, "fields": {"name": "Open Source & Linux"}}, {"model": "base.topic", "pk": 9, "fields": {"name": "Java"}}, {"model": "base.topic", "pk": 10, "fields": {"name": "C++"}}, {"model": "base.room", "pk": 3, "fields": {"host": 3, "topic": 2, "name": "AI MedTech Hub", "description": "Discuss the latest AI advancements in diagnostics, treatment planning, and patient care.", "updated": "2025-03-09T11:07:14.142Z", "created": "2025-03-09T11:07:14.142Z", "participants": [5, 6]}}, {"model": "base.room", "pk": 4, "fields": {"host": 3, "topic": 3, "name": " Wall Street Watch", "description": "Analyze market movements, stock picks, and economic factors affecting investments.", "updated": "2025-03-09T11:07:31.926Z", "created": "2025-03-09T11:07:31.926Z", "participants": [4, 5, 6]}}, {"model": "base.room", "pk": 5, "fields": {"host": 4, "topic": 4, "name": "Cosmic Conversations", "description": "Dive into discussions on space missions, astrophysics, and the search for extraterrestrial life.", "updated": "2025-03-09T11:09:06.048Z", "created": "2025-03-09T11:09:06.048Z", "participants": [5, 6]}}, {"model": "base.room", "pk": 6, "fields": {"host": 4, "topic": 5, "name": "Digital Defense Lab", "description": "Share insights on cybersecurity threats, ethical hacking techniques, and data protection strategies.", "updated": "2025-03-09T11:09:22.428Z", "created": "2025-03-09T11:09:22.428Z", "participants": [5, 6]}}, {"model": "base.room", "pk": 7, "fields": {"host": 4, "topic": 6, "name": "Full Stack Forum", "description": "Exchange insights on front-end, back-end, and full-stack web development trends and technologies.", "updated": "2025-03-09T11:10:00.949Z", "created": "2025-03-09T11:10:00.949Z", "participants": [5]}}, {"model": "base.room", "pk": 8, "fields": {"host": 5, "topic": 7, "name": "Cloud Engineers Network", "description": "Explore AWS, Azure, GCP, Kubernetes, and automation tools shaping the future of IT.", "updated": "2025-03-09T11:11:55.165Z", "created": "2025-03-09T11:11:55.165Z", "participants": [6]}}, {"model": "base.room", "pk": 9, "fields": {"host": 6, "topic": 8, "name": "FOSS Warriors", "description": " Connect with Linux users, open-source developers, and advocates of free software.", "updated": "2025-03-09T11:12:46.351Z", "created": "2025-03-09T11:12:46.351Z", "participants": [6]}}, {"model": "base.room", "pk": 10, "fields": {"host": 6, "topic": 1, "name": "Data scientist", "description": "How to become data scientists", "updated": "2025-03-09T11:13:09.727Z", "created": "2025-03-09T11:13:09.727Z", "participants": [6]}}, {"model": "base.room", "pk": 11, "fields": {"host": 6, "topic": 9, "name": "Learn Java", "description": "", "updated": "2025-03-09T11:15:31.866Z", "created": "2025-03-09T11:15:31.866Z", "participants": []}}, {"model": "base.room", "pk": 12, "fields": {"host": 6, "topic": 10, "name": "beginners of C++", "description": "", "updated": "2025-03-09T11:15:48.164Z", "created": "2025-03-09T11:15:48.164Z", "participants": [6]}}, {"model": "base.message", "pk": 3, "fields": {"user": 4, "room": 4, "body": "Hi I want to learn about market", "updated": "2025-03-09T11:08:48.055Z", "created": "2025-03-09T11:08:48.055Z"}}, {"model": "base.message", "pk": 4, "fields": {"user": 5, "room": 7, "body": "hi", "updated": "2025-03-09T11:10:25.281Z", "created": "2025-03-09T11:10:25.281Z"}}, {"model": "base.message", "pk": 5, "fields": {"user": 5, "room": 6, "body": " want to learn about security", "updated": "2025-03-09T11:10:47.811Z", "created": "2025-03-09T11:10:47.811Z"}}, {"model": "base.message", "pk": 6, "fields": {"user": 5, "room": 4, "body": "what are stocks", "updated": "2025-03-09T11:11:03.323Z", "created": "2025-03-09T11:11:03.323Z"}}, {"model": "base.message", "pk": 7, "fields": {"user": 5, "room": 3, "body": "What is MedTech", "updated": "2025-03-09T11:11:19.877Z", "created": "2025-03-09T11:11:19.877Z"}}, {"model": "base.message", "pk": 8, "fields": {"user": 5, "room": 5, "body": "Is this related to physics", "updated": "2025-03-09T11:11:34.795Z", "created": "2025-03-09T11:11:34.795Z"}}, {"model": "base.message", "pk": 9, "fields": {"user": 6, "room": 3, "body": "I think it is related to AI ML", "updated": "2025-03-09T11:13:24.918Z", "created": "2025-03-09T11:13:24.918Z"}}, {"model": "base.message", "pk": 10, "fields": {"user": 6, "room": 4, "body": "Where can I get ingo about", "updated": "2025-03-09T11:13:47.860Z", "created": "2025-03-09T11:13:47.860Z"}}, {"model": "base.message", "pk": 11, "fields": {"user": 6, "room": 5, "body": "hi", "updated": "2025-03-09T11:13:55.816Z", "created": "2025-03-09T11:13:55.816Z"}}, {"model": "base.message", "pk": 12, "fields": {"user": 6, "room": 10, "body": "I want to become a data analyst ", "updated": "2025-03-09T11:14:15.135Z", "created": "2025-03-09T11:14:15.135Z"}}, {"model": "base.message", "pk": 13, "fields": {"user": 6, "room": 8, "body": "what is cloud ", "updated": "2025-03-09T11:14:25.248Z", "created": "2025-03-09T11:14:25.248Z"}}, {"model": "base.message", "pk": 14, "fields": {"user": 6, "room": 5, "body": "Hi guys", "updated": "2025-03-09T11:14:35.743Z", "created": "2025-03-09T11:14:35.743Z"}}, {"model": "base.message", "pk": 15, "fields": {"user": 6, "room": 9, "body": "FOSS?", "updated": "2025-03-09T11:14:46.356Z", "created": "2025-03-09T11:14:46.356Z"}}, {"model": "base.message", "pk": 16, "fields": {"user": 6, "room": 6, "body": "types of hacking 3 types ", "updated": "2025-03-09T11:15:06.902Z", "created": "2025-03-09T11:15:06.902Z"}}, {"model": "base.message", "pk": 17, "fields": {"user": 6, "room": 12, "body": "hi latest c++ version is 23", "updated": "2025-03-09T11:17:04.023Z", "created": "2025-03-09T11:17:04.023Z"}}]